Age_band_of_driver,Sex_of_driver,Educational_level,Vehicle_driver_relation,Driving_experience,Lanes_or_Medians,Types_of_Junction,Road_surface_type,Light_conditions,Weather_conditions,Type_of_collision,Vehicle_movement,Pedestrian_movement,Cause_of_accident,Accident_severity
3,1,4,2,5,1,1,2,4,2,6,12,1,6,2
2,1,4,2,6,4,1,3,4,1,6,4,1,6,1
5,1,3,1,7,1,7,3,4,1,3,1,1,6,2
2,1,4,1,5,4,7,3,4,1,6,1,1,8,2
3,1,4,2,5,4,4,3,4,1,6,1,1,1,2
3,1,4,2,2,2,4,3,4,1,6,1,1,8,2
4,1,7,4,7,4,1,3,4,1,6,1,3,3,2
1,1,4,2,5,4,4,3,4,1,6,1,1,3,2
3,1,4,2,5,2,4,3,4,1,6,1,1,7,2
2,1,4,2,6,4,4,3,4,1,6,1,1,1,2
4,1,5,2,6,4,4,3,4,1,6,1,1,3,2
4,1,4,2,6,6,2,3,4,1,3,12,1,8,1
3,1,4,2,6,4,4,3,4,1,6,1,1,6,2
2,1,4,2,6,6,1,3,1,9,6,1,1,4,2
5,1,4,2,6,2,1,3,1,9,6,3,1,8,2
5,2,4,2,5,4,1,3,4,1,6,1,1,8,2
1,1,4,2,4,4,4,3,4,2,2,3,1,9,2
3,1,4,2,2,6,4,3,4,2,6,12,1,7,2
2,1,4,2,2,6,1,5,3,1,6,1,1,3,2
5,1,4,2,4,4,1,3,3,1,6,7,1,8,2
2,1,3,2,2,2,1,3,4,1,6,1,1,12,2
5,2,4,2,2,2,5,3,4,1,6,12,1,8,2
2,1,4,2,7,2,5,3,4,1,6,12,1,4,2
4,1,7,2,5,2,1,3,4,9,6,12,1,2,2
2,1,2,2,2,2,1,3,4,1,2,9,1,12,2
2,1,4,2,2,2,1,3,4,1,6,12,1,1,1
3,1,4,2,3,7,7,5,4,9,6,12,1,8,2
2,1,3,2,6,4,7,3,4,9,6,12,1,2,2
2,1,3,2,6,2,7,3,4,9,6,1,1,12,2
2,1,3,2,2,4,7,3,4,9,7,1,1,12,2
5,1,5,2,4,4,2,3,4,1,6,1,1,1,2
4,1,4,2,4,1,2,3,4,1,6,1,1,12,2
5,1,6,2,6,2,1,3,3,1,2,1,1,14,2
2,1,4,2,4,2,1,3,3,1,6,1,1,3,2
5,1,4,2,4,4,1,3,4,1,6,1,1,8,2
3,1,5,2,3,1,1,6,4,1,6,1,1,8,2
3,1,4,2,5,2,4,5,4,1,2,1,1,4,1
1,1,4,2,2,1,4,3,4,1,2,1,1,17,1
4,1,4,2,2,4,1,3,2,1,6,1,1,4,1
3,1,3,2,7,4,1,3,2,1,6,7,1,3,1
3,1,4,2,2,2,2,3,4,1,2,1,1,1,2
3,1,4,2,3,3,2,4,4,1,2,12,1,8,2
3,1,3,2,4,2,2,6,4,1,6,13,1,4,2
3,1,5,2,3,1,2,3,4,1,6,6,1,1,2
3,1,4,2,5,4,2,3,4,1,6,1,1,8,2
2,1,4,2,2,2,2,3,4,1,2,1,1,14,2
2,1,5,2,6,4,2,3,4,1,6,1,1,14,2
2,1,3,1,5,1,2,1,4,1,6,1,1,1,2
5,2,3,2,2,2,8,3,4,1,6,4,1,1,2
2,1,4,2,5,1,8,3,4,1,7,11,1,2,2
3,1,3,1,5,2,8,3,4,2,6,11,1,12,2
2,3,4,2,4,2,1,3,4,1,6,11,1,3,2
2,1,4,2,6,2,1,3,3,1,3,11,1,17,0
3,1,4,2,5,4,7,3,3,1,6,12,1,8,2
2,1,5,2,3,2,7,3,3,1,6,11,1,1,2
3,1,3,2,5,4,1,3,4,8,6,4,1,3,2
5,2,3,2,4,2,4,3,4,1,6,11,1,4,1
3,1,4,2,2,4,4,3,4,1,2,11,1,8,1
5,1,4,2,2,4,2,3,4,1,6,11,1,13,2
4,1,4,2,5,4,2,2,4,1,6,11,1,4,2
4,1,4,1,5,2,1,3,4,1,6,11,1,6,1
2,1,3,2,3,2,1,3,4,1,6,12,1,8,1
3,1,4,2,7,2,1,3,4,1,2,1,1,16,2
3,1,3,2,6,6,1,3,4,1,6,1,1,8,2
3,1,4,1,3,2,1,3,4,1,2,12,1,4,2
3,1,7,4,7,3,4,3,3,1,6,1,1,8,2
2,1,4,2,6,3,4,3,3,1,7,1,1,3,2
4,1,3,1,4,3,4,3,3,1,6,1,1,12,2
4,1,4,2,5,3,1,3,4,1,6,1,1,4,2
2,1,4,2,2,4,1,3,4,1,6,1,1,6,2
3,1,4,2,5,2,1,3,4,1,6,7,1,8,2
3,1,5,2,6,2,4,3,4,1,6,3,1,7,2
2,1,4,2,5,6,8,3,4,2,3,10,1,7,2
2,1,3,2,3,2,8,3,4,2,7,1,1,6,2
3,1,4,2,7,4,2,3,4,2,6,1,1,3,2
3,1,3,2,3,2,2,3,4,2,7,1,1,3,2
3,1,4,1,3,2,2,3,4,2,6,7,1,8,2
2,1,6,1,3,1,1,3,3,1,6,1,1,6,2
5,2,4,1,5,4,1,3,3,1,6,1,1,8,2
5,2,4,2,5,2,4,3,4,1,8,12,1,8,1
4,1,3,2,5,4,4,3,4,1,6,11,1,4,2
2,1,5,1,2,6,4,5,4,1,2,4,1,3,2
2,1,4,2,6,2,1,6,4,1,6,1,1,8,2
2,1,4,2,5,1,1,3,4,1,6,1,1,15,2
2,1,4,2,2,2,2,3,3,1,6,1,1,6,2
5,1,4,2,6,2,2,3,3,1,3,1,1,1,2
3,1,4,2,5,1,1,3,4,1,6,1,1,17,2
3,1,4,1,6,2,1,3,4,1,6,1,1,1,2
3,1,4,2,5,4,7,3,4,2,6,1,1,4,2
2,1,4,2,3,4,7,3,4,2,7,1,1,11,2
2,1,4,2,3,6,7,3,4,1,2,6,1,17,1
2,1,4,2,3,5,7,3,4,1,6,6,1,12,1
2,1,5,2,4,4,4,3,4,1,6,6,1,8,2
2,1,5,1,6,5,4,3,4,1,2,3,3,6,2
4,1,3,2,4,5,2,3,4,1,6,1,1,11,1
4,1,4,2,6,5,4,5,4,2,6,1,1,17,2
4,1,5,2,4,4,4,3,4,2,6,5,1,4,2
2,1,4,3,1,7,2,3,2,1,7,1,1,4,2
4,1,4,2,3,1,2,3,2,1,7,12,1,4,2
2,1,4,1,5,2,4,3,4,1,3,1,1,4,2
2,1,4,2,3,7,2,3,4,2,6,1,1,1,2
1,1,4,2,6,4,4,3,4,1,6,1,1,8,1
1,1,4,2,3,4,4,3,4,1,6,1,1,11,1
3,1,4,2,3,4,8,3,3,1,3,10,1,8,2
3,1,4,2,4,4,8,3,4,1,3,1,9,12,2
1,1,5,2,3,2,4,5,3,2,6,1,1,8,2
2,1,4,2,3,2,4,3,3,2,6,1,1,8,2
2,1,3,2,6,4,1,3,3,1,6,4,1,8,2
2,1,4,2,6,4,1,6,3,1,2,1,1,4,2
2,1,3,2,6,4,1,3,3,1,6,1,1,8,2
3,1,4,2,6,2,1,3,3,2,2,6,1,6,2
5,2,4,2,3,5,1,3,3,2,6,3,1,3,2
4,1,4,2,5,4,1,1,4,1,6,6,1,1,2
2,1,5,1,4,2,1,3,4,1,2,10,1,12,2
5,1,4,2,4,6,4,3,4,2,6,1,1,3,2
3,3,4,2,5,2,4,3,4,2,6,1,1,7,2
3,1,4,2,5,2,4,3,4,1,2,1,1,8,2
4,1,4,2,4,2,4,3,4,1,2,7,1,8,2
3,1,5,2,6,1,4,3,4,1,6,6,1,15,2
2,1,3,2,5,2,2,3,3,1,6,1,1,8,2
4,1,4,2,6,2,2,3,3,1,6,1,1,18,2
2,1,2,2,4,5,4,3,3,1,6,1,1,1,1
2,1,4,2,4,3,4,3,3,1,6,7,1,7,1
5,2,5,2,4,6,1,3,3,8,6,1,1,3,2
1,1,4,2,3,2,1,3,3,8,6,9,1,3,2
4,1,5,2,5,6,1,3,4,1,6,10,1,9,2
2,1,3,2,4,6,2,3,4,2,6,1,1,8,2
2,1,4,2,3,6,2,3,4,2,6,7,1,4,2
4,1,3,2,3,6,2,3,4,2,6,1,1,4,2
3,1,5,2,1,1,1,3,3,2,6,1,1,1,1
4,1,4,1,5,4,1,1,4,2,6,7,1,13,2
1,1,4,2,3,6,1,3,4,2,6,1,1,3,2
5,1,4,2,4,2,1,3,4,2,6,5,1,4,2
2,1,4,2,5,4,4,3,3,1,6,1,1,8,1
2,1,7,4,7,4,4,3,3,1,6,1,1,4,1
2,1,7,4,7,4,4,3,3,1,6,1,1,4,1
2,1,4,2,4,7,1,3,3,1,2,1,1,8,1
2,1,4,2,6,2,1,3,3,1,6,6,1,4,1
3,1,4,1,6,4,1,3,3,1,3,1,9,12,1
3,1,7,4,7,4,1,3,4,1,6,1,1,12,1
3,1,3,1,6,4,1,3,4,1,2,1,1,4,1
2,3,7,4,7,4,2,1,3,1,6,7,1,15,2
2,1,4,1,5,4,2,3,3,1,6,4,1,4,2
3,1,4,1,6,2,2,3,3,1,6,1,1,1,2
2,1,5,1,6,4,1,3,3,1,6,1,1,8,1
2,1,7,4,7,2,1,3,3,1,6,1,1,15,1
3,1,3,2,5,2,1,3,3,1,7,1,1,12,1
4,1,3,1,6,2,1,3,3,1,2,6,1,4,1
4,1,4,1,2,2,1,3,3,1,6,1,1,13,1
5,1,4,1,4,2,1,3,3,1,2,1,1,3,1
3,1,4,1,4,4,4,2,4,3,6,1,1,12,2
3,1,5,1,5,4,4,3,4,3,6,1,1,8,2
3,1,4,1,7,4,4,3,4,3,6,1,1,1,2
2,1,7,1,2,2,4,3,3,3,6,1,1,7,2
3,1,3,1,6,4,4,3,3,3,6,1,1,1,2
5,2,3,1,2,4,1,3,3,1,2,1,1,4,2
5,2,4,1,5,2,1,3,3,1,6,1,1,8,2
3,1,4,1,5,6,4,3,4,1,2,1,1,18,2
3,1,7,1,7,6,4,3,4,1,6,7,1,4,2
3,1,4,2,3,4,4,3,4,1,6,1,1,12,2
3,1,5,1,5,4,4,3,4,1,6,4,1,14,2
3,1,4,2,5,6,4,3,4,1,6,1,1,4,2
3,1,4,2,5,2,4,3,4,1,6,1,1,4,2
4,1,4,2,5,6,4,3,4,1,6,1,1,12,2
2,1,4,2,6,4,1,3,3,1,6,1,1,3,2
5,1,4,2,5,4,1,3,3,1,6,7,1,6,2
3,1,4,2,1,4,4,3,3,1,6,1,1,12,1
3,1,6,2,2,4,4,3,3,1,6,4,1,4,1
5,2,3,2,5,4,4,3,3,1,6,1,1,12,1
2,1,3,2,5,2,1,3,4,1,7,1,1,17,2
5,2,4,2,5,2,1,3,4,1,2,1,1,8,2
5,1,5,2,5,5,1,1,4,1,6,1,1,3,2
2,1,4,2,5,4,4,3,4,1,6,1,1,6,1
3,1,4,2,4,7,1,3,3,1,2,6,1,1,2
2,1,2,2,5,2,1,3,3,1,6,3,1,1,2
3,1,4,2,6,4,8,3,3,2,6,1,1,8,1
3,1,4,2,3,2,4,3,3,1,6,4,1,4,2
1,1,2,2,2,6,4,3,3,1,7,1,1,4,2
1,3,3,2,3,4,4,3,4,4,7,13,1,1,2
1,1,4,2,5,5,4,2,4,4,3,1,1,12,2
5,2,3,2,6,5,4,3,3,4,6,1,1,17,2
2,1,4,2,5,4,4,3,3,4,6,1,1,8,2
1,1,3,2,4,4,1,3,3,1,6,1,1,8,2
4,1,4,2,4,4,1,5,3,1,3,4,1,6,2
5,1,4,2,6,4,4,3,4,1,3,4,1,14,2
2,1,4,2,4,4,4,3,4,1,6,1,1,6,2
2,1,4,1,2,1,4,3,4,1,6,6,1,6,2
5,1,4,2,4,2,4,3,4,1,6,6,1,6,2
3,1,4,2,6,6,4,3,4,1,2,1,1,8,2
3,1,4,2,4,7,4,3,4,1,6,10,1,1,2
3,1,3,2,6,2,5,3,3,8,2,7,1,4,1
5,2,3,2,6,6,2,3,3,1,6,1,1,12,2
3,1,3,3,6,6,2,3,3,1,6,6,1,3,2
5,1,4,2,6,6,1,3,4,1,2,6,1,8,1
2,1,4,2,2,7,1,3,4,1,6,7,1,4,1
4,1,3,2,5,2,1,3,4,9,6,4,1,17,2
2,1,4,2,4,6,4,3,4,2,2,3,1,8,2
3,1,4,2,6,6,4,3,4,2,2,1,1,15,2
4,1,4,2,2,2,4,2,3,1,6,1,1,8,1
2,1,4,1,4,6,4,3,3,1,6,1,1,4,1
2,1,4,2,6,2,1,3,3,8,6,1,1,6,2
1,1,2,2,4,5,1,3,3,8,6,7,1,4,2
5,1,4,2,4,6,1,5,4,1,6,1,9,3,2
5,2,5,2,4,2,1,3,3,5,6,1,1,8,2
1,1,4,2,3,1,4,5,3,5,6,1,1,7,2
5,1,5,2,5,2,4,3,3,5,6,1,1,12,2
5,1,3,2,4,6,1,3,4,9,6,6,1,8,2
3,1,4,2,3,6,1,3,4,1,6,1,1,12,2
3,1,3,2,3,1,1,3,4,1,6,1,1,12,2
5,1,5,2,1,1,1,3,4,1,6,1,1,1,2
4,1,4,1,5,2,1,3,4,1,6,1,1,2,2
4,1,4,2,3,6,2,3,4,1,6,7,1,6,2
5,3,4,2,4,2,7,3,4,1,6,3,1,6,2
3,1,4,2,5,6,7,3,4,1,6,1,1,3,2
3,1,7,4,7,6,7,3,4,1,6,1,1,6,2
3,1,7,4,7,5,4,3,4,1,6,1,1,8,2
1,1,4,2,4,2,4,3,4,1,2,1,1,1,2
2,1,4,2,6,6,4,3,4,1,6,1,1,4,2
2,1,4,1,6,6,4,3,4,1,3,1,1,8,2
3,1,7,4,7,3,7,3,3,8,6,4,1,2,2
1,1,3,1,6,2,7,3,3,8,2,1,1,8,2
5,2,7,4,7,2,1,3,4,9,6,12,1,3,2
3,1,4,1,5,6,1,3,4,9,6,1,1,17,2
2,1,4,1,6,2,8,3,3,1,6,1,1,8,2
2,1,5,1,6,2,8,3,3,1,6,1,1,8,2
2,1,7,4,7,5,4,3,4,1,6,1,1,4,2
2,1,3,2,5,2,1,1,4,6,7,1,1,3,2
5,1,3,1,6,6,1,3,3,8,2,3,1,1,2
2,1,4,1,2,6,1,3,3,8,6,3,1,8,2
2,1,4,1,4,6,4,3,4,1,6,3,1,8,2
4,1,4,1,4,6,2,3,4,1,2,12,1,12,2
2,1,5,1,5,2,2,3,4,1,6,1,1,1,2
2,1,4,1,7,4,1,3,4,8,6,13,1,8,1
2,1,7,1,2,4,1,3,4,8,6,4,1,4,1
5,1,3,1,6,2,4,3,3,1,6,6,1,12,2
2,1,3,1,2,2,4,3,3,1,6,1,1,14,2
5,1,4,1,5,4,1,3,4,1,6,1,1,4,2
1,1,4,1,5,4,1,2,4,1,3,1,1,12,2
1,1,7,1,7,2,1,3,4,1,6,4,1,4,2
3,1,4,2,3,4,7,1,4,1,2,7,9,6,2
4,1,5,1,5,2,4,3,3,1,6,3,1,4,2
2,1,4,2,5,5,4,3,3,1,6,12,1,16,2
3,1,4,2,5,4,4,3,3,3,6,1,1,6,2
3,1,4,2,5,4,4,1,3,3,6,1,1,13,2
3,1,4,2,6,2,7,3,3,1,6,1,1,8,2
2,1,4,2,5,4,7,3,4,9,6,1,1,8,2
3,1,4,2,1,5,2,3,4,1,6,1,1,12,2
4,1,6,2,2,4,2,3,4,1,6,1,1,12,2
5,1,3,2,5,4,4,3,4,8,6,1,1,1,2
3,1,3,2,5,7,1,3,4,8,2,1,1,8,2
5,2,4,2,5,5,1,3,4,8,6,1,1,4,2
5,1,5,2,5,4,4,3,4,1,2,12,1,2,2
5,1,4,2,5,4,4,3,3,1,6,3,1,8,2
3,1,4,2,4,1,4,3,3,1,6,1,1,2,2
3,1,2,2,5,2,4,3,3,1,10,3,1,1,2
5,1,4,2,6,2,4,3,4,2,3,1,1,8,2
3,1,4,2,3,6,1,3,4,1,6,3,1,8,2
3,1,2,2,2,4,1,3,4,1,6,13,1,6,2
5,2,3,2,3,2,1,3,4,1,6,1,1,6,2
2,1,4,2,5,4,1,3,4,1,3,1,1,3,1
2,1,4,2,3,5,1,3,4,1,2,1,1,8,2
3,1,3,1,5,2,1,3,4,1,10,1,1,17,2
5,2,4,2,4,2,4,3,4,1,6,12,1,3,2
3,1,4,1,2,4,4,3,4,1,10,1,1,4,2
1,1,2,2,5,5,4,1,4,1,10,3,1,14,2
1,1,2,2,5,2,4,3,3,1,10,3,1,13,1
3,1,4,2,5,6,4,3,3,1,6,3,1,2,1
2,1,4,2,4,4,1,5,3,2,6,1,1,4,1
2,1,4,2,6,2,4,3,4,1,2,1,1,4,2
3,1,4,2,5,2,4,3,4,1,2,1,1,1,2
2,1,4,2,6,5,4,3,4,1,6,1,1,1,1
5,1,4,2,4,2,1,3,4,2,6,12,1,3,2
4,1,4,2,2,2,1,3,4,2,6,1,1,1,2
3,1,4,2,2,6,7,3,4,9,6,1,1,8,2
3,1,4,1,5,4,2,3,4,1,6,1,1,1,2
3,1,4,2,4,4,2,3,4,1,7,7,1,4,2
3,1,3,2,2,2,2,3,4,1,6,3,1,3,2
4,1,4,2,4,5,4,3,4,1,2,1,1,6,2
2,1,4,2,5,5,4,3,4,1,3,1,1,8,2
3,1,5,2,6,4,4,3,3,1,6,7,1,6,2
5,1,5,2,6,4,4,3,3,1,6,1,1,17,1
3,1,4,2,5,4,4,3,3,1,6,7,1,4,1
5,1,3,2,3,4,4,3,3,1,6,12,1,8,1
5,1,3,2,5,5,1,3,4,1,6,13,1,8,2
5,2,4,2,5,5,1,3,4,1,6,1,1,3,2
5,1,4,2,3,4,1,3,3,2,6,1,1,4,2
3,1,4,1,5,4,1,3,3,2,2,1,1,4,2
5,2,5,1,6,4,4,3,3,2,7,1,1,17,2
1,1,7,1,2,6,4,2,3,2,6,1,1,1,2
5,1,2,1,5,4,1,3,4,1,3,1,1,3,2
2,1,6,2,6,4,1,3,4,1,6,1,1,7,2
3,1,5,2,2,4,4,3,4,1,6,1,1,8,2
3,1,4,2,3,4,4,3,4,1,3,1,1,8,2
5,2,4,2,6,7,4,3,4,1,3,1,1,3,2
4,1,4,1,6,4,4,3,4,1,6,1,1,4,1
2,1,4,2,6,2,4,3,4,1,6,1,1,12,1
2,1,4,2,1,2,4,3,4,1,6,1,1,8,1
3,1,4,2,3,1,4,3,4,1,6,1,1,3,2
2,1,1,1,3,4,4,3,4,1,6,1,1,1,2
4,1,4,1,2,1,4,3,4,1,2,3,3,8,2
5,1,4,1,3,4,4,3,4,1,6,1,1,7,2
5,1,4,1,4,5,4,3,4,1,6,1,1,3,2
2,1,7,1,5,7,4,3,4,1,6,1,1,8,2
2,1,7,1,6,7,4,3,4,1,6,13,1,12,2
3,1,4,1,4,6,4,3,4,1,6,4,1,6,2
3,1,3,1,6,7,4,3,4,1,6,1,1,4,2
2,1,2,1,5,1,1,2,4,1,6,1,1,1,2
3,1,7,1,7,2,1,3,4,1,6,1,1,6,2
3,1,4,1,5,4,1,2,4,1,6,1,1,7,2
3,1,4,1,2,4,1,3,4,1,6,1,1,3,2
3,1,4,1,4,4,4,3,3,1,6,1,1,3,0
5,1,3,2,4,4,2,3,4,8,6,1,1,17,2
3,1,4,2,4,6,2,3,4,8,6,1,1,1,2
5,1,4,2,4,6,4,3,3,9,6,1,1,4,2
2,1,4,2,5,4,4,3,3,9,6,4,1,4,2
2,1,4,2,5,2,1,3,4,9,2,13,1,8,1
5,1,4,2,6,6,1,3,4,9,6,7,1,1,1
5,2,3,2,5,6,1,3,4,9,6,12,1,8,2
3,1,4,2,5,2,1,3,4,9,6,1,1,12,2
4,1,4,2,6,6,1,3,4,2,6,1,1,7,2
2,1,3,1,7,2,2,3,4,1,3,4,1,6,2
3,1,4,1,5,2,7,3,4,1,6,12,1,1,2
5,1,4,2,5,5,4,3,4,1,6,1,1,4,2
5,2,4,2,2,6,4,3,4,1,6,1,1,8,2
4,1,7,4,7,4,1,3,4,1,6,12,1,12,2
2,1,4,2,5,6,1,3,4,1,6,1,1,3,2
4,1,4,2,5,6,4,3,4,8,6,4,1,1,2
3,3,4,2,6,4,4,3,4,8,6,1,1,8,2
3,1,5,2,6,6,1,3,4,1,6,4,1,4,2
3,1,4,2,6,2,1,3,4,1,3,1,1,6,2
5,1,4,2,6,2,1,3,4,1,6,3,1,9,2
5,2,4,2,6,4,8,3,3,2,6,13,1,8,2
2,1,4,2,6,2,8,3,3,2,6,1,1,8,2
3,1,4,2,5,5,1,3,4,1,6,1,1,3,2
2,1,4,2,4,6,1,3,4,1,2,7,1,6,2
5,1,4,2,2,4,1,3,4,9,6,7,1,12,2
3,1,4,2,2,4,1,3,4,9,6,7,1,4,2
4,1,4,2,4,2,1,3,4,9,6,1,1,8,2
2,1,3,2,2,2,1,3,4,9,6,1,1,4,2
5,2,4,2,2,2,1,3,4,1,6,1,1,8,2
3,1,4,2,7,4,1,3,4,1,6,1,1,17,2
3,1,7,2,5,6,1,3,4,1,6,3,1,3,2
5,1,2,2,2,7,1,3,4,1,2,1,1,9,2
5,1,4,2,2,5,2,3,3,1,6,3,1,5,2
3,1,4,2,3,4,2,3,3,1,6,3,1,12,2
3,1,3,2,6,4,2,3,3,1,6,1,1,2,2
5,2,3,2,6,4,4,3,4,1,6,12,1,8,2
5,1,3,2,2,7,4,3,4,1,7,1,1,15,2
2,1,5,2,4,4,4,3,4,1,6,12,1,12,2
3,1,4,2,4,5,4,3,3,1,6,1,1,7,1
1,1,6,2,6,4,4,3,3,1,2,7,1,8,1
2,1,4,2,4,2,2,3,4,1,6,13,1,6,2
3,1,4,2,4,4,2,3,4,1,6,1,1,9,2
4,1,5,2,3,7,4,3,4,1,6,1,1,7,2
1,1,4,2,5,4,4,3,4,1,2,1,1,4,2
1,1,4,2,2,4,4,3,4,1,2,1,1,1,2
5,2,4,2,2,4,4,3,4,2,6,1,1,3,2
4,1,3,2,7,4,4,3,4,2,6,1,1,8,2
1,1,4,2,2,4,4,3,4,9,2,12,1,12,2
1,1,4,2,3,5,4,3,4,9,2,1,1,17,2
5,1,3,2,4,2,4,3,4,9,6,1,1,12,2
2,1,5,2,3,4,1,3,4,1,6,1,1,12,2
2,1,4,2,5,4,4,3,4,1,6,1,3,4,2
4,1,4,2,2,7,4,3,4,1,2,7,1,8,2
1,1,5,2,6,2,4,3,4,1,6,1,1,12,2
3,1,3,1,5,4,4,3,4,1,1,1,1,7,2
3,1,3,2,2,6,4,3,4,1,6,12,1,8,2
1,1,4,2,5,6,1,3,3,1,2,1,1,1,2
3,1,3,1,5,2,1,3,3,1,6,1,1,1,2
5,1,4,2,4,4,4,3,4,1,6,1,1,6,1
5,2,4,2,6,1,1,3,3,1,6,4,3,8,2
2,1,4,2,5,4,1,3,3,1,6,1,1,1,2
3,1,5,2,3,2,4,3,4,1,6,1,1,4,2
3,1,4,2,6,2,1,3,4,1,1,7,1,1,2
3,1,3,1,4,4,1,3,4,1,1,12,1,4,2
3,1,4,2,5,4,1,3,4,1,4,1,1,12,2
3,1,4,2,2,2,1,3,4,1,4,1,9,4,2
1,1,4,2,5,2,2,3,4,4,4,3,1,8,2
5,2,5,2,6,4,4,3,3,1,4,7,1,1,2
3,1,4,2,5,4,4,3,3,1,4,1,1,12,2
2,1,3,2,3,6,1,3,3,8,4,1,1,8,2
5,2,4,2,7,4,1,3,3,8,4,3,1,6,2
5,1,6,2,3,5,1,3,3,8,4,1,1,4,2
5,1,4,2,6,1,1,3,3,8,4,1,1,1,2
2,1,4,2,3,2,4,3,4,1,4,1,1,17,1
3,1,4,2,5,2,4,3,4,1,4,1,1,4,1
2,1,4,2,4,1,1,3,3,2,4,1,1,6,1
2,1,7,4,7,2,1,3,3,2,9,1,1,3,1
1,1,4,2,4,2,1,3,3,2,7,13,1,12,1
4,1,4,2,4,2,1,3,3,2,4,1,1,7,1
3,1,4,2,6,4,4,3,4,8,7,7,1,7,2
2,1,4,2,3,4,4,3,4,8,4,1,1,4,2
2,1,6,1,3,4,1,3,4,9,4,1,1,18,2
3,1,6,2,1,2,1,3,4,9,6,1,1,3,2
3,1,4,2,3,2,1,3,4,9,8,1,1,3,2
1,1,4,2,5,2,1,3,4,1,1,1,1,14,2
3,1,4,2,6,2,1,3,4,1,1,1,9,3,2
5,1,4,2,6,6,3,3,4,9,7,12,1,17,2
4,1,4,1,5,2,3,3,4,9,4,3,1,7,2
2,1,3,2,4,2,4,3,4,1,4,12,1,3,1
2,1,4,2,4,6,4,3,4,1,8,1,1,1,1
2,1,4,2,2,1,4,3,4,1,1,1,1,8,2
3,3,4,2,4,2,1,3,4,2,4,1,1,4,2
2,1,4,2,4,2,1,3,4,2,4,12,1,6,2
2,1,3,2,5,4,1,3,4,2,3,1,1,1,2
5,1,4,2,6,6,7,3,4,9,6,13,1,2,2
2,1,7,4,7,4,7,3,4,9,6,1,1,3,2
5,1,4,2,4,4,4,3,4,1,3,1,1,4,2
1,1,4,2,5,2,4,3,4,1,6,1,1,2,2
4,1,6,2,4,2,8,3,4,2,2,1,1,5,2
2,1,7,4,7,6,1,3,4,1,6,3,1,19,1
4,1,7,2,3,6,4,3,4,9,6,3,1,6,2
2,1,4,2,4,4,4,3,4,9,6,1,1,4,2
3,1,4,2,6,2,4,6,4,8,7,1,1,1,1
2,1,4,2,2,4,4,3,4,8,6,4,1,3,1
2,1,4,2,4,4,1,3,4,1,6,1,1,7,2
4,1,4,2,2,2,1,3,4,1,6,1,1,8,2
4,1,5,2,5,2,1,3,4,1,3,1,1,6,2
4,1,6,2,3,2,4,3,4,1,6,1,1,8,2
5,1,4,2,2,2,1,3,4,1,2,1,1,8,2
4,1,7,4,7,2,1,3,4,1,6,1,1,1,2
3,1,5,2,2,2,4,3,3,1,7,1,1,4,2
2,1,5,2,2,2,4,3,3,1,6,1,1,7,2
2,1,7,4,7,4,4,3,3,1,6,13,1,1,2
2,1,5,2,4,4,4,3,3,1,6,12,1,9,2
2,1,4,2,6,6,1,3,4,3,6,6,1,2,2
2,1,4,2,6,2,4,3,4,1,6,1,1,5,2
2,1,4,2,5,2,4,3,4,1,2,1,1,4,2
4,1,4,2,3,4,4,3,4,1,6,1,1,10,2
2,1,7,2,2,4,4,3,4,1,6,12,1,19,2
2,1,4,2,2,6,7,3,4,1,2,1,1,3,2
3,1,5,2,4,4,7,3,4,1,2,3,1,4,2
3,1,4,1,3,6,1,3,4,1,6,12,1,7,1
2,1,4,2,5,4,1,3,4,1,6,1,1,11,1
5,1,3,2,4,1,1,3,4,1,6,1,1,3,2
2,1,3,1,5,5,1,3,4,1,6,1,1,6,2
2,1,4,2,6,1,1,3,4,1,2,13,1,4,2
2,1,4,2,5,2,1,3,4,1,6,1,1,8,2
2,1,5,2,5,5,1,3,4,1,6,1,1,7,2
3,1,4,2,5,4,1,3,4,1,6,1,1,8,2
1,1,4,2,6,2,4,3,3,2,6,1,1,6,2
1,1,4,4,3,7,4,3,3,2,6,1,1,19,2
1,1,4,2,4,5,4,2,3,2,6,1,1,12,2
2,1,4,2,3,4,4,3,3,2,2,1,1,3,2
2,1,7,4,7,7,4,3,3,2,6,1,1,12,2
2,1,3,2,5,7,1,3,4,9,3,1,1,3,2
3,1,4,2,5,4,1,3,4,9,2,1,1,6,2
5,2,4,2,6,4,1,3,4,1,2,1,1,8,2
5,2,4,2,4,2,1,3,4,1,6,13,1,4,2
2,1,4,1,6,4,1,3,4,1,7,1,1,4,2
3,1,4,2,4,4,1,3,4,1,6,1,1,13,2
4,1,3,3,5,4,4,3,4,9,6,1,1,8,2
5,1,3,2,5,2,4,4,4,9,6,1,1,4,2
3,1,4,4,5,2,2,3,4,1,6,4,1,3,2
2,1,4,2,5,5,2,3,4,1,6,3,1,9,2
3,1,3,2,6,5,7,3,4,1,6,1,1,19,2
5,1,4,4,2,4,1,3,3,1,6,1,1,19,2