Age_band_of_driver,Sex_of_driver,Educational_level,Vehicle_driver_relation,Driving_experience,Lanes_or_Medians,Types_of_Junction,Road_surface_type,Light_conditions,Weather_conditions,Type_of_collision,Vehicle_movement,Pedestrian_movement,Cause_of_accident,Accident_severity
3,1,4,2,5,5,1,3,3,1,6,3,1,8,2
3,1,3,2,3,4,1,3,3,1,2,1,1,6,2
2,1,7,4,7,7,1,3,4,2,6,3,1,2,2
3,1,4,2,6,7,1,3,4,2,6,1,1,7,2
3,1,5,1,4,1,1,3,4,2,6,1,1,8,2
3,1,4,2,3,4,4,3,4,1,6,1,1,4,2
1,1,4,2,3,7,4,3,4,1,3,12,1,12,2
5,1,6,1,4,2,4,3,4,1,6,12,1,4,2
5,1,7,4,7,4,4,3,4,1,6,1,1,2,2
2,1,3,1,4,4,4,3,4,1,6,7,1,19,2
5,1,4,2,3,4,4,3,4,1,6,1,1,14,2
5,1,7,1,5,4,1,3,4,9,6,1,1,13,2
1,1,4,2,2,4,1,3,4,9,6,1,1,20,2
5,2,4,2,4,2,1,3,4,1,2,1,1,4,2
3,1,4,2,5,2,1,3,4,1,6,3,1,8,2
5,2,4,2,6,2,4,3,3,1,6,1,3,19,2
5,2,3,2,4,5,4,3,3,1,6,1,2,6,2
4,1,3,1,6,2,4,3,3,1,6,1,1,3,2
2,1,4,2,3,2,4,3,4,1,6,1,1,7,2
2,1,4,2,5,2,4,3,4,1,6,1,1,2,2
2,1,4,2,4,2,4,3,4,1,6,3,1,12,2
2,1,4,2,4,4,4,3,4,1,6,1,1,6,2
5,1,4,2,4,2,4,3,4,1,7,1,2,7,2
2,1,4,2,4,2,1,3,4,1,6,3,1,4,2
1,1,4,2,6,2,1,3,4,1,6,3,1,12,2
4,1,4,2,6,4,4,3,4,1,6,1,1,4,2
1,1,3,2,5,2,4,3,4,1,2,4,1,4,2
5,1,7,2,7,4,4,3,4,1,6,4,1,3,2
5,1,7,2,4,6,2,3,4,1,6,1,1,15,2
4,3,3,2,5,4,2,3,4,1,6,1,1,12,2
2,1,4,2,5,7,2,3,4,1,2,1,1,8,2
5,1,4,2,6,2,2,3,4,1,6,1,1,12,2
4,1,4,2,5,6,4,3,4,1,6,1,1,3,1
2,1,4,2,6,6,4,3,4,1,6,1,1,6,1
2,1,3,2,2,6,1,3,4,2,6,6,1,4,2
5,1,3,2,5,7,1,3,4,2,2,3,1,8,2
3,1,3,2,3,2,1,3,4,2,6,12,1,1,2
2,1,3,2,5,6,1,3,4,1,6,1,1,1,2
2,1,3,2,5,6,1,3,4,1,6,1,1,8,2
3,1,3,2,4,2,1,3,4,1,6,1,1,8,2
1,1,3,2,5,6,1,3,3,1,6,1,1,8,2
1,1,7,4,5,2,1,3,3,1,3,1,1,7,2
5,2,4,2,6,5,1,3,4,1,6,1,1,12,2
2,1,4,2,6,6,1,3,4,1,6,1,1,4,2
2,1,3,2,2,2,1,3,4,1,2,1,1,3,2
3,1,3,2,5,1,1,3,4,1,6,1,1,12,2
3,1,3,1,5,2,2,3,4,9,6,1,9,12,2
1,1,3,2,4,6,2,3,4,9,3,1,1,8,2
2,1,3,2,6,6,7,3,4,1,6,1,1,19,2
2,1,3,2,4,1,7,3,4,1,6,3,1,4,2
5,1,4,2,6,1,3,3,4,1,3,1,1,4,2
2,1,4,2,2,2,3,3,4,1,3,3,1,8,2
5,1,4,2,4,6,4,3,4,1,3,3,1,8,2
5,1,3,2,5,2,1,3,4,1,2,1,1,15,2
2,1,3,2,5,6,1,3,4,1,6,1,1,13,2
3,1,3,2,3,6,2,3,4,1,6,1,1,6,1
2,1,3,2,7,5,2,3,4,1,6,1,1,7,1
2,1,4,2,3,2,4,3,4,1,6,1,1,6,0
3,1,7,2,5,6,4,3,4,1,6,1,1,19,0
3,1,3,1,3,6,4,3,4,1,6,13,1,19,0
3,1,4,2,5,3,4,4,4,1,3,12,1,1,0
1,1,4,2,4,2,4,3,4,1,2,1,1,8,1
2,1,4,2,4,2,4,3,4,1,6,13,1,1,2
4,1,4,2,5,6,4,3,4,1,6,10,1,6,2
3,1,4,1,2,2,4,3,4,1,6,7,1,12,2
4,1,5,2,2,2,4,2,4,1,6,1,1,8,2
1,1,4,2,7,5,4,3,3,2,5,12,1,19,2
5,1,4,2,2,2,4,3,3,2,6,3,1,4,2
3,1,4,2,4,6,1,3,4,1,6,1,1,8,2
5,2,4,2,4,6,1,3,4,1,6,12,1,12,2
5,1,4,2,5,6,2,3,3,1,6,3,1,8,2
3,1,3,2,5,6,2,3,3,1,6,1,1,6,2
3,1,7,1,5,2,2,3,3,1,6,1,1,4,2
4,1,4,2,5,4,4,3,4,1,6,3,1,7,2
3,1,4,1,5,4,4,3,4,2,6,1,1,6,2
3,1,1,2,4,2,4,3,4,2,6,6,1,3,2
2,1,4,2,5,2,2,3,1,1,3,1,1,16,2
2,1,4,2,2,4,2,3,1,1,2,1,1,14,2
3,1,4,2,3,4,2,3,1,1,2,3,1,12,2
2,1,3,2,4,2,1,3,4,1,6,1,1,14,2
3,1,3,2,4,4,1,3,4,1,6,1,1,12,2
5,2,3,2,5,2,1,3,4,1,6,1,3,7,2
5,3,4,2,5,5,1,3,4,2,6,1,1,12,2
3,1,7,4,7,4,1,3,4,2,6,1,1,4,2
5,1,4,2,6,4,1,3,4,1,2,3,1,1,2
3,1,4,2,6,2,1,3,4,1,6,1,1,12,2
3,1,4,1,6,4,8,1,4,1,6,1,1,4,2
2,1,4,2,7,5,1,3,4,1,6,3,1,12,2
2,1,4,2,5,4,1,3,4,1,6,3,1,12,2
2,1,4,2,4,4,1,3,4,1,6,1,1,12,2
2,1,3,2,5,7,1,3,4,1,6,1,1,4,2
4,1,4,2,4,5,2,3,4,9,3,1,1,4,2
1,1,5,1,5,4,2,3,4,9,3,1,1,12,2
3,1,4,2,6,4,1,3,4,1,2,1,1,2,2
5,1,4,2,4,1,1,3,4,1,3,1,1,4,2
2,1,3,2,4,2,1,3,4,1,6,1,1,8,2
2,1,5,1,6,2,1,4,4,1,6,1,1,19,2
3,1,3,2,3,6,4,3,4,1,6,1,1,4,1
2,1,4,2,6,4,4,3,4,1,2,1,1,4,1
2,1,7,4,7,2,4,3,4,1,2,12,1,2,1
2,1,4,1,5,4,4,3,4,1,6,1,1,19,1
3,1,6,2,5,5,4,3,4,1,6,7,1,14,2
5,1,4,2,5,2,4,3,4,1,6,1,1,2,2
2,1,4,2,6,2,4,3,4,9,6,7,1,6,2
4,1,4,2,3,4,7,3,4,1,6,1,1,1,2
3,1,4,2,4,5,7,3,4,1,6,7,1,19,2
4,1,4,2,2,2,4,3,4,1,6,13,1,6,1
4,1,4,2,6,6,4,3,4,1,6,1,1,7,1
4,1,4,2,3,4,4,3,4,1,6,7,1,4,1
2,1,6,2,5,2,1,3,4,1,2,12,1,4,2
2,1,4,2,5,2,4,3,4,1,2,1,1,4,2
4,1,3,1,2,5,4,3,4,1,3,1,1,14,2
3,1,7,4,7,2,2,3,4,1,6,1,1,3,2
1,1,4,2,6,2,1,3,4,1,6,3,1,1,2
2,1,4,4,7,6,4,3,4,2,6,1,1,13,1
5,1,4,2,3,4,4,6,4,1,6,1,1,1,2
3,1,4,1,4,4,4,3,4,1,6,1,1,8,2
2,1,7,2,7,2,2,3,4,1,6,1,1,19,2
4,1,4,2,6,5,2,3,4,1,6,12,1,6,2
4,1,4,1,4,5,2,3,4,1,6,13,1,4,2
4,1,4,2,5,4,4,3,4,1,6,1,1,19,2
1,1,4,2,4,4,4,3,4,1,3,4,1,8,2
2,1,4,2,3,4,1,3,4,1,3,1,1,12,2
5,1,4,2,5,4,1,3,4,1,6,3,1,8,2
4,1,4,2,4,5,2,3,3,1,6,3,1,1,2
2,1,3,2,5,5,7,3,4,1,6,1,9,8,1
2,1,6,1,5,4,7,3,4,1,6,12,9,1,1
3,1,4,2,4,4,4,3,3,1,6,1,1,7,2
2,1,4,2,4,4,4,3,3,1,6,1,1,3,2
2,1,4,2,4,6,1,3,4,2,6,1,1,8,2
2,1,4,2,5,4,2,3,4,1,6,1,1,19,2
2,1,4,2,3,4,2,3,4,1,6,1,1,8,2
3,1,4,1,4,4,4,3,4,1,6,1,9,7,2
5,2,5,1,4,4,1,3,4,1,6,1,1,1,2
4,1,7,2,7,7,1,3,4,1,6,1,1,7,2
5,1,4,1,3,4,4,3,4,9,6,12,1,8,2
5,1,4,4,2,2,4,3,4,9,6,1,1,7,2
5,1,5,2,3,2,1,3,4,2,6,10,1,12,2
3,1,6,2,3,1,1,3,4,2,6,1,1,9,2
3,1,4,2,6,4,2,3,3,1,6,1,3,12,2
2,1,5,2,3,1,2,3,3,1,6,1,9,3,2
4,1,4,2,4,4,1,3,4,1,6,2,9,6,2
4,1,6,3,4,5,1,3,4,1,6,1,1,4,2
2,1,5,2,6,7,4,3,4,1,6,1,1,4,1
5,2,3,2,5,7,4,3,4,8,2,1,1,8,2
2,1,5,2,3,6,4,3,4,8,2,1,1,8,2
1,1,5,2,5,7,7,3,4,1,6,4,2,3,2
4,1,5,2,4,1,7,3,4,1,6,1,1,4,2
3,1,4,2,3,2,3,3,4,1,6,1,1,6,2
2,1,6,2,6,4,3,3,4,1,6,3,1,3,2
1,1,6,2,4,4,1,3,3,2,2,1,1,6,2
1,1,3,2,5,4,1,3,3,2,6,3,1,1,2
2,1,3,2,3,4,4,3,4,2,2,1,1,16,2
2,1,4,2,7,6,4,3,4,2,2,1,1,8,2
4,1,7,4,7,6,1,3,4,1,3,1,1,8,2
3,1,3,2,5,4,1,3,4,1,6,1,1,8,2
3,1,4,2,4,2,1,3,4,1,2,2,1,3,2
3,1,4,2,5,6,1,3,4,1,6,1,1,6,2
3,1,5,2,4,6,1,3,4,1,6,1,1,13,2
3,1,4,2,3,2,2,3,4,1,6,1,1,2,2
4,1,4,2,3,6,2,3,4,1,6,1,2,19,2
4,1,4,2,5,2,2,3,4,1,6,1,1,3,2
2,1,1,2,7,2,4,3,4,1,6,1,1,7,2
2,1,4,2,5,5,4,3,4,1,2,9,9,3,2
2,1,4,2,3,6,1,3,4,1,6,4,9,8,2
3,1,4,2,4,4,1,3,4,9,2,6,9,1,2
1,1,4,2,6,6,1,3,4,9,6,3,1,3,2
1,1,4,1,5,6,4,3,3,1,6,3,1,19,1
2,1,5,2,3,4,4,3,3,1,6,1,1,8,1
2,1,4,2,6,6,8,3,4,1,2,4,1,1,2
5,2,4,2,3,2,1,3,4,1,2,1,1,8,1
3,1,4,2,4,2,1,3,4,1,6,1,2,3,1
4,1,4,2,6,4,1,3,4,1,6,2,1,3,2
4,1,4,2,4,2,1,3,4,1,6,1,1,7,2
5,1,3,2,5,5,1,3,4,1,6,1,1,3,2
2,1,7,4,7,6,1,3,4,1,6,2,1,12,2
3,1,3,2,3,4,1,3,4,1,6,9,1,12,2
5,2,3,2,5,4,1,3,4,1,6,1,1,7,2
2,1,3,2,5,2,1,3,4,1,2,3,1,9,2
5,1,4,2,3,2,1,3,4,9,2,6,1,8,2
5,1,4,2,5,2,1,3,4,9,2,1,1,3,2
5,2,4,2,5,4,1,3,4,9,6,1,1,6,2
5,1,4,2,4,6,4,3,3,2,6,4,1,8,2
1,1,4,2,3,7,4,3,3,2,6,3,1,7,2
1,1,4,2,5,5,4,3,3,2,6,1,1,7,2
1,1,4,2,2,4,4,3,3,2,3,3,1,6,2
1,1,4,2,5,4,4,3,3,2,3,1,1,12,2
2,1,4,1,5,4,4,3,4,1,6,13,1,4,2
4,1,7,1,5,7,4,3,4,1,6,1,1,3,2
2,1,4,2,5,4,4,1,3,1,6,13,1,1,2
3,1,5,2,4,5,4,3,3,1,6,1,1,12,2
2,1,6,2,5,4,4,3,3,1,6,13,1,14,2
2,1,4,2,6,2,4,3,3,1,6,1,1,14,2
4,1,4,2,2,4,1,3,4,1,6,1,1,7,2
2,1,3,2,5,7,1,3,4,1,6,1,1,3,2
3,1,3,2,4,4,1,3,4,1,6,1,1,4,2
2,1,4,2,4,4,1,3,4,1,6,1,1,12,2
1,1,4,2,3,4,4,3,4,2,2,12,1,8,2
5,1,4,2,4,4,4,3,4,2,7,12,1,9,2
3,1,4,2,4,4,2,3,4,1,6,1,1,17,2
2,1,4,2,6,5,2,3,4,1,6,1,1,4,2
2,1,5,2,2,2,2,3,4,1,6,6,1,12,2
4,1,4,2,4,4,4,3,4,1,6,1,1,1,0
3,1,5,2,6,4,4,3,4,1,6,1,9,16,0
5,2,4,2,6,7,4,3,4,1,2,1,7,4,1
4,1,5,2,5,2,4,3,4,1,2,1,1,12,2
2,1,4,2,6,4,4,3,4,1,6,1,1,6,2
3,1,4,2,3,6,4,3,4,2,2,6,1,1,2
3,1,4,2,4,6,4,3,4,2,6,1,1,3,2
4,1,3,2,4,2,4,3,4,1,6,1,9,15,2
2,1,3,3,5,4,4,3,4,1,6,12,1,8,2
3,1,4,2,5,1,1,3,3,1,6,1,4,12,2
2,1,5,1,5,4,1,3,3,1,6,1,1,8,2
2,1,4,2,6,2,1,3,4,2,6,1,1,3,2
3,1,4,2,2,2,1,3,4,2,3,1,1,7,2
3,1,4,3,2,4,1,3,4,2,6,1,1,8,2
3,1,4,2,6,4,1,3,4,1,2,7,9,8,2
5,1,5,1,5,2,1,3,4,1,6,12,1,3,2
5,1,3,1,5,2,1,3,4,1,2,1,1,8,2
2,1,4,2,4,4,1,3,4,1,6,1,3,3,2
2,1,4,2,4,4,1,3,4,1,6,1,3,8,2
2,1,6,2,5,6,1,3,4,1,3,1,9,8,2
2,1,4,1,4,4,1,3,4,1,6,1,3,8,2
5,1,7,4,7,5,2,3,4,9,6,1,9,3,2
2,1,4,2,4,1,2,3,4,9,6,1,1,4,2
2,1,4,2,5,2,2,3,4,9,6,1,1,1,2
2,1,4,2,4,2,1,3,4,1,3,1,9,4,1
5,2,3,2,3,1,2,3,4,1,6,3,9,8,2
4,1,5,2,7,2,2,3,4,1,6,3,1,2,2
4,1,4,1,3,2,2,3,4,1,6,4,1,19,2
4,1,4,2,4,2,2,3,3,1,6,12,1,19,2
1,1,4,2,3,4,2,3,3,1,2,12,1,4,2
2,1,3,2,6,4,4,3,3,1,6,1,1,7,2
1,1,4,2,4,4,1,3,3,1,6,1,1,6,2
5,2,4,2,4,2,7,3,4,1,6,12,1,3,2
3,1,4,2,4,2,7,3,4,1,6,12,1,3,2
4,1,4,2,4,2,7,3,4,1,2,1,1,2,2
5,1,3,2,4,2,1,3,4,1,6,7,1,8,2
3,1,4,2,4,6,1,3,4,1,6,12,9,6,2
2,1,3,2,5,2,1,3,4,1,6,4,3,4,2
5,1,3,2,4,2,1,3,4,1,6,1,1,3,2
5,1,4,2,6,6,1,3,4,1,6,1,1,8,2
5,1,4,2,6,1,1,3,4,1,6,1,1,12,2
5,1,5,2,6,2,4,3,4,4,6,1,1,7,2
2,1,4,2,5,2,4,3,4,4,6,1,1,12,2
3,1,4,1,4,4,1,3,4,1,6,1,1,1,2
4,1,3,2,3,6,1,3,4,1,6,1,1,8,2
1,1,4,2,4,4,2,3,4,1,6,1,1,8,2
3,1,4,2,5,4,2,3,4,1,2,1,9,8,2
3,1,7,4,7,2,2,3,4,1,2,12,1,3,2
2,1,3,1,5,2,1,3,4,1,2,1,1,3,2
5,1,5,3,6,6,8,3,3,1,3,1,1,1,2
1,1,4,2,6,6,8,3,3,1,6,3,9,4,2
5,1,4,2,3,4,4,3,4,8,6,1,1,6,2
2,1,5,1,7,2,1,3,3,2,3,3,1,1,1
1,1,4,2,4,4,1,3,3,2,6,12,9,12,1
4,1,4,2,5,4,1,3,4,1,6,1,1,12,2
4,1,4,2,4,2,1,3,4,1,6,7,1,17,2
5,1,4,2,6,2,4,3,4,1,6,1,1,7,2
3,1,3,2,5,2,4,3,4,1,6,12,1,6,2
1,1,4,2,5,2,4,3,4,1,6,12,1,12,2
4,1,6,2,3,2,1,3,4,2,2,12,1,1,1
3,1,3,2,6,2,1,3,3,1,3,9,5,12,1
2,1,3,2,5,2,4,3,4,1,6,12,1,6,2
2,1,3,2,4,4,4,3,4,1,6,12,1,4,2
5,1,3,2,4,4,1,3,4,9,2,12,1,3,2
2,1,4,2,5,6,1,3,3,1,6,1,1,6,0
2,1,4,2,3,2,1,3,3,1,6,1,1,12,0
5,1,4,2,5,2,4,3,4,1,6,1,1,1,2
3,1,4,2,5,4,4,3,4,1,6,1,1,8,2
2,1,6,2,5,4,1,3,4,1,6,1,1,3,1
3,1,4,2,6,6,7,3,4,1,6,1,9,3,1
5,1,3,2,4,4,2,3,4,1,6,1,1,8,2
2,1,4,2,5,6,2,3,4,1,6,1,1,3,2
2,1,7,4,7,4,2,6,4,1,2,1,1,12,2
2,1,4,2,5,1,2,3,4,1,2,1,1,3,2
3,1,4,2,7,5,8,3,4,1,2,1,1,8,2
2,1,4,2,7,1,8,3,4,1,6,7,1,4,2
5,1,4,2,3,2,8,3,4,1,3,1,1,8,2
3,1,6,1,5,5,4,3,4,1,6,12,1,14,2
2,1,4,2,4,4,4,3,4,1,3,13,1,8,2
4,1,4,1,5,2,4,3,4,1,6,6,1,2,1
2,1,5,2,4,7,4,3,4,1,3,1,1,17,1
5,1,4,2,6,5,1,3,3,1,6,1,1,7,2
3,1,4,2,2,4,1,3,3,1,6,1,1,1,2
5,1,4,2,2,7,1,3,3,1,6,1,3,4,2
5,2,7,1,7,7,1,3,3,1,6,4,1,3,2
1,1,4,2,4,4,4,3,4,1,6,11,1,4,2
3,1,7,4,7,4,7,3,3,1,6,11,1,17,2
1,1,3,2,1,2,7,3,3,1,6,11,1,6,2
2,1,4,2,6,4,4,3,4,1,6,11,1,6,2
2,1,4,1,6,4,4,3,4,1,6,12,9,3,2
2,1,4,2,6,4,4,3,3,1,6,11,1,4,2
2,1,4,2,6,2,4,3,3,1,6,4,1,4,2
2,1,4,1,5,2,4,3,3,1,6,11,1,3,2
3,1,4,2,2,5,1,3,4,1,7,11,1,3,2
2,1,4,2,4,5,4,3,4,1,2,11,1,9,1
3,1,4,2,7,4,4,3,4,1,6,11,1,2,1
5,1,6,2,3,5,4,3,4,1,6,11,2,3,2
3,3,4,2,3,4,4,3,4,1,6,12,4,17,2
5,2,4,2,3,7,2,3,3,2,3,1,1,12,1
2,1,7,2,5,7,1,3,4,1,3,1,1,1,1
5,1,4,2,6,1,1,3,4,9,6,12,1,8,2
4,1,4,2,6,4,1,2,4,9,6,1,1,6,2
1,1,4,2,5,7,1,3,4,1,3,1,9,15,2
5,1,4,2,4,2,1,3,4,1,3,1,1,3,2
1,1,4,2,2,4,1,3,4,1,3,1,1,8,1
1,1,4,2,3,4,1,3,4,1,6,1,1,1,1
1,1,4,2,5,4,1,3,4,1,2,7,1,6,1
1,1,4,2,2,4,1,3,4,1,6,3,1,6,1
5,2,3,2,5,4,4,3,3,1,6,10,1,8,2
5,1,4,2,4,2,4,3,3,1,2,1,1,8,2
5,1,4,2,5,2,7,3,4,1,6,1,1,2,2
5,3,3,2,5,2,1,4,4,1,6,1,1,17,2
5,1,4,2,6,5,1,3,4,2,6,1,1,4,2
4,1,4,2,3,2,1,3,4,2,6,1,1,3,2
2,1,5,2,2,2,1,3,4,1,3,1,1,12,1
3,1,3,2,6,2,2,3,3,2,7,1,1,1,2
3,3,5,1,3,2,2,3,3,2,6,1,1,1,2
3,1,4,2,4,4,7,3,4,1,6,1,1,4,2
1,1,7,2,5,2,7,3,4,1,6,1,1,6,2
1,1,5,1,4,2,7,3,4,1,2,1,1,13,2
2,1,5,2,6,2,4,3,4,1,6,12,1,17,2
2,1,4,2,3,4,4,3,4,1,7,1,1,4,2
4,1,3,2,3,2,4,3,4,1,2,3,1,12,2
5,1,5,2,3,4,4,3,3,9,6,12,1,8,2
2,1,6,2,5,6,4,3,3,9,6,1,1,3,2
2,1,7,4,7,4,4,3,3,9,6,1,1,8,2
3,1,4,2,5,4,1,3,4,1,6,1,1,8,2
2,1,3,1,5,4,7,3,3,1,6,1,1,9,1
2,1,3,2,5,6,7,3,3,1,6,1,1,2,1
2,1,5,1,5,6,1,3,4,1,3,1,1,12,2
3,1,4,2,5,2,1,3,4,1,6,1,1,17,2
5,2,4,1,3,5,1,3,4,1,6,1,1,1,2
3,1,4,2,4,6,1,3,4,1,2,1,1,15,2
3,1,4,1,5,2,1,3,4,1,6,12,1,17,2
4,1,4,1,6,4,1,3,4,1,6,7,1,4,2
3,1,5,2,5,4,1,3,4,1,6,12,1,3,2
3,1,5,1,4,4,1,3,4,1,2,12,1,8,2
3,1,4,2,5,5,1,3,4,1,6,7,1,8,2
3,1,3,2,4,5,4,3,4,1,6,1,1,6,1
4,1,3,2,5,5,8,3,3,2,6,1,2,1,2
3,1,4,2,3,5,8,3,3,2,6,1,3,1,2
1,1,4,2,5,5,4,3,3,1,6,1,1,9,1
3,1,7,4,7,2,4,3,3,1,6,4,1,3,1
2,1,3,2,6,1,1,3,3,1,6,1,2,3,1
2,1,3,2,2,1,1,3,3,1,2,1,1,6,1
2,1,4,2,4,5,1,3,3,1,6,1,1,4,1
2,1,3,1,3,4,1,3,4,1,6,1,1,4,2
3,1,4,1,5,5,1,3,4,1,6,1,1,12,2
3,1,4,2,4,7,7,3,4,1,6,3,1,3,2
4,1,4,2,4,5,7,3,4,1,6,1,1,4,2
2,1,5,2,4,4,1,3,3,1,6,1,1,17,1
2,1,4,2,6,2,1,3,3,1,6,4,1,12,1
5,1,4,2,4,2,1,3,4,1,2,1,7,8,2
1,1,4,2,3,2,1,3,4,1,7,1,1,6,2
5,1,4,2,4,2,4,3,3,1,6,1,1,6,2
3,1,4,2,5,2,4,3,3,1,6,1,1,6,2
4,1,4,2,3,6,2,3,4,1,6,1,1,3,2
3,1,3,2,3,6,2,3,4,1,6,1,1,1,2
3,1,4,2,4,5,2,3,4,1,6,3,9,12,2
2,1,4,2,6,7,1,3,4,1,6,1,9,17,2
3,1,4,2,2,1,1,3,4,1,6,1,2,4,2
5,2,4,2,6,1,1,3,4,1,6,1,6,6,2
3,1,3,1,5,2,2,3,3,1,2,1,1,4,2
2,1,3,2,6,1,2,3,3,1,6,3,1,14,2
2,1,4,2,3,6,2,3,3,1,6,1,1,1,2
5,2,7,4,7,6,1,3,4,8,6,12,9,6,2
1,1,5,1,5,2,1,3,4,8,6,12,1,8,2
5,1,3,2,4,5,4,3,4,1,3,1,1,12,2
3,1,7,4,7,4,4,3,4,1,3,1,1,3,2
3,1,7,4,7,2,4,3,4,1,6,1,9,6,1
5,1,5,1,3,5,4,3,4,1,6,1,1,6,2
2,1,4,2,3,4,4,3,4,1,6,12,1,8,2
5,1,4,2,3,6,4,3,4,9,7,1,1,14,2
5,1,4,2,6,4,4,3,4,9,6,6,1,12,2
1,1,4,2,3,1,4,3,3,2,6,1,1,12,2
3,1,5,1,6,1,4,3,3,2,3,1,1,4,2
4,1,4,2,6,2,4,4,3,1,6,1,1,12,2
2,1,4,2,3,4,4,3,3,1,6,1,1,3,2
5,2,4,2,3,6,4,3,3,1,6,1,3,12,0
4,1,5,2,4,4,1,3,4,1,3,1,1,12,1
3,1,4,2,4,4,1,3,4,1,6,3,1,17,1
5,1,4,2,3,4,1,2,3,2,3,1,8,12,2
5,1,3,2,5,1,4,3,4,1,6,12,1,8,2
3,1,4,2,5,4,4,3,4,1,6,1,1,12,2
3,1,4,2,3,2,4,3,4,1,6,1,1,14,2
3,1,3,3,5,4,2,3,4,1,6,1,1,2,2
3,1,4,2,4,4,2,3,4,1,6,1,1,8,2
3,1,3,2,5,4,2,3,4,1,2,13,1,12,2
5,2,4,2,6,2,7,3,4,1,6,3,2,6,2
4,1,4,2,6,2,7,3,4,1,6,13,3,6,2
5,1,3,1,4,2,1,3,4,8,2,1,1,6,2
3,1,3,2,5,2,1,1,4,8,6,1,1,6,2
3,1,4,1,3,7,4,3,3,1,6,13,1,8,1
3,1,3,2,6,2,4,6,3,1,6,1,1,1,1
3,1,4,2,5,7,4,6,3,1,6,1,1,8,1
2,1,4,2,4,4,4,3,3,1,3,1,3,3,1
5,1,3,2,6,4,4,1,3,1,3,1,1,3,1
3,1,4,2,4,6,4,3,4,1,6,1,1,7,2
3,1,3,2,6,2,4,3,4,1,6,1,1,1,2
2,1,4,2,6,2,7,1,3,1,2,1,3,3,2
3,1,4,2,4,4,7,3,3,1,6,12,1,8,2
3,1,4,2,6,2,1,3,4,4,6,1,1,6,1
2,1,4,2,6,1,1,3,4,4,6,1,1,4,1
2,1,4,2,2,2,1,3,4,8,6,1,1,8,1
4,1,4,1,6,4,2,3,4,1,2,1,1,8,2
4,1,5,3,6,4,2,3,4,1,6,1,3,9,2
1,1,4,2,5,2,4,3,4,1,6,1,1,7,2
4,1,3,4,7,4,4,3,4,1,2,3,1,3,2
2,1,4,2,5,4,3,3,4,1,6,1,1,8,1
4,1,4,2,5,2,3,3,4,1,2,1,1,12,1
2,1,4,1,2,6,4,3,4,1,6,1,1,8,1
3,1,4,2,5,1,4,3,4,1,6,1,1,4,1
3,1,3,2,4,2,2,4,4,1,6,1,1,2,2
4,1,4,1,4,1,2,3,4,1,6,1,1,12,2
5,2,3,2,4,2,4,3,3,2,6,1,1,1,2
4,1,4,1,4,1,7,3,4,1,6,1,1,8,1
2,1,4,2,6,2,1,3,3,8,6,1,1,2,2
5,1,4,2,4,4,4,3,4,1,6,1,1,12,2
2,1,4,2,3,6,4,3,4,1,3,1,1,12,2
2,1,4,2,4,6,4,3,4,1,2,1,1,1,2
3,1,4,2,3,4,1,3,3,1,6,12,1,12,2
3,1,4,2,5,6,1,3,3,1,6,1,1,14,2
3,1,4,2,5,4,1,3,3,1,2,1,1,3,2
2,1,3,1,4,2,2,3,4,5,6,1,1,8,2
4,1,3,2,2,4,2,3,4,5,6,1,1,8,2
2,1,7,4,7,2,1,3,1,2,3,1,1,4,2
2,1,4,2,6,2,1,3,1,2,6,1,1,17,2
5,1,5,2,3,2,2,3,3,2,3,1,1,4,2
3,1,4,1,5,4,2,3,3,2,6,12,1,3,2
3,1,4,2,3,2,2,3,3,2,6,1,1,1,2
3,1,4,2,6,5,2,3,3,2,2,1,1,8,2
2,1,4,2,2,4,1,3,3,8,6,1,1,4,2
4,1,3,2,4,4,1,2,3,8,6,1,1,1,2
3,1,4,2,5,4,1,3,3,8,6,1,1,8,2
4,1,3,2,5,1,2,3,3,7,3,1,1,14,1
5,1,4,1,3,4,7,3,4,1,2,1,1,14,2
3,1,4,2,5,4,7,3,4,1,3,1,1,1,2
4,1,7,3,7,4,4,3,4,1,6,1,1,1,2
3,1,5,2,4,4,4,3,4,1,6,3,1,2,2
3,1,4,2,3,4,4,3,4,1,6,1,1,12,2
3,1,4,2,5,2,4,3,4,1,6,1,1,3,2
3,1,4,2,4,5,1,3,4,1,6,1,1,17,2
2,1,4,2,1,4,1,3,4,1,2,1,1,8,2
2,1,4,2,6,4,1,3,4,1,2,3,1,1,2
1,1,4,2,6,5,1,3,3,2,6,1,1,3,2
2,1,4,2,5,4,1,3,3,2,6,12,1,4,2
5,1,5,2,4,4,4,3,1,1,6,12,1,8,1
2,1,5,1,4,6,4,2,1,1,6,1,1,13,1
2,1,4,2,2,4,4,3,1,1,6,1,1,4,1
3,1,4,1,6,5,1,3,4,1,6,1,1,6,2
4,1,4,2,6,2,7,3,3,1,6,1,1,8,2
1,1,3,2,4,4,7,3,3,1,6,12,1,16,2
5,2,4,2,4,4,4,1,3,1,6,1,9,8,2
3,1,7,2,6,1,4,3,3,1,6,6,9,4,2